slug,name,chem_class,frac_irac
1-dodekanol,1-додеканол,,
1-metiltsiklopropen,1-метилциклопропен,,
1-naftiluksusnaya-kislota,1-нафтилуксусная кислота,,
1-tetradekanol,1-тетрадеканол,,
1-hlormetilsilatran,1-хлорметилсилатран,,
1n-indolil-3-etanovoy-kisloty,1н-индолил-3-этановой кислоты,,
2-4-d,"2,4-Д",,
2-furana,2- фурана,,
2-hloretilfosfonovaya-kislota,2-хлорэтилфосфоновая кислота,,
24-epibrassinolid,24-эпибрассинолид,,
28-gomobrassinolid,28-гомобрассинолид,,
3-8-11-tetradekatrien-1-il-atsetata,"3,8,11-тетрадекатриен-1-ил-ацетата",,
3-indoliluksusnaya-kislota,3-индолилуксусная кислота,,
3-indoliluksusnaya-kislota-kalievoy-soli,3-индолилуксусная кислота калиевой соли,,
4-maslyanaya-kislota,4 масляная кислота,,
4-hlorfenoksiuksusnaya-kislota,4-хлорфеноксиуксусная кислота,,
6-mg-dispenser-3-8-tetradekadien-1-il-atsetata,"6 мг/диспенсер -3,8-тетрадекадиен –1- ил-ацетата",,
6-benziladenin,6-бензиладенин,,
6-benzilaminopurin,6-бензиламинопурин,,
6-furfurilaminopurin,6-фурфуриламинопурин,,
7-9-dodekadien-1-il-atsetat,"7,9-додекадиен-1-ил-ацетат",,
7-metoksi-8-izopentenilkumarina,7-метокси-8-изопентенилкумарина,,
acremonium-lichenicola,Acremonium lichenicola,,
bacillus-amyloliquefaciens,Bacillus amyloliquefaciens,,
bacillus-firmus,Bacillus firmus,,
bacillus-mojavensis,Bacillus mojavensis,,
bacillus-subtilis,Bacillus subtilis,,
bacillus-thuringiensis,Bacillus thuringiensis,,
bacillus-thuringiensissubsp,Bacillus thuringiensissubsp,,
bacillus-thuringiensisvar,Bacillus thuringiensisvar,,
beauveria-bassiana,Beauveria bassiana,,
f7,F7,,
l-alanin,L-аланин,,
l-arginin,L-аргинин,,
l-glutaminovaya-kislota,L-глутаминовая кислота,,
l-leytsin,L-лейцин,,
l-prolin,L-пролин,,
lactobacillus-plantarum,Lactobacillus plantarum,,
lecanicillium-lecanii,Lecanicillium lecanii,,
metarhizium-anisopliae,Metarhizium anisopliae,,
methylobacteriumextorquensnvdbkmb-2879-d,Methylobacteriumextorquensnvdbkmb-2879 d,,
n-n-fenilmocheviny,N--n′-фенилмочевины,,
pseudomonas-asplenii,Pseudomonas asplenii,,
pseudomonas-aureofaciens,Pseudomonas aureofaciens,,
pseudomonas-fluorescens,Pseudomonas fluorescens,,
streptomyces-rimosus,Streptomyces rimosus,,
streptomyces-sp,Streptomyces sp,,
trichoderma-afroharzianum,Trichoderma afroharzianum,,
trichoderma-asperellum,Trichoderma asperellum,,
trichoderma-asperellum-m18-shtamm-vkpm-f-1395,Trichoderma asperellum м18 штамм вкпм f-1395,,
trichoderma-atroviride,Trichoderma atroviride,,
trichoderma-harzianum,Trichoderma harzianum,,
trichoderma-longibrachiatum,Trichoderma longibrachiatum,,
trichoderma-reesei,Trichoderma reesei,,
trichoderma-veride,Trichoderma veride,,
trichoderma-viride,Trichoderma viride,,
z-8-dodetsenil-atsetat,Z-8-додеценил ацетат,,
z-8-dodetsenol,Z-8-додеценол,,
alanin,Α-аланин,,
glutaminovaya-kislota,Α-глутаминовая кислота,,
a7,А7,,
alliumsativum,Аlliumsativum,,
abamektin,Абамектин,,
aversektin-s,Аверсектин с,,
azadirahtin,Азадирахтин,,
azimsulfuron,Азимсульфурон,,
azoksistrobin,Азоксистробин,,
azoksistrobina,Азоксистробина,,
aklonifen,Аклонифен,,
alanin-2,Аланин,,
alfa-naftiluksusnaya-kislota,Альфа-нафтилуксусная кислота,,
alfa-tsipermetrin,Альфа-ципермeтрин,,
alfa-tsipermetrin-2,Альфа-циперметрин,,
alyuminiya-fosfid,Алюминия фосфид,,
alyuminiya-fosetil,Алюминия фосэтил,,
ametoktradin,Аметоктрадин,,
amidosulfuron,Амидосульфурон,,
amikarbazon,Амикарбазон,,
aminopiralid,Аминопиралид,,
ammoniy-dimetilfosfornokislyy-dimetildi,Аммоний диметилфосфорнокислый диметилди,,
ammoniy-molibdenovokislyy,Аммоний молибденовокислый,,
arahidonovaya-kislota,Арахидоновая кислота,,
atsetamiprid,Ацетамиприд,,
atsibenzolar-s-metil,Ацибензолар-с-метил,,
atsifluorfen,Ацифлуорфен,,
benziladenina,Бензиладенина,,
benzovindiflupir,Бензовиндифлупир,,
benzoynaya-kislota,Бензойная кислота,,
benomil,Беномил,,
benomil-agro-kemi-kft,Беномил) агро-кеми кфт.,,
bensulfuron-metil,Бенсульфурон-метил,,
bentazon,Бентазон,,
beta-tsipermetrin,Бета-циперметрин,,
beta-tsipermetrin-agro-kemi-kft,Бета-циперметрин) агро-кеми кфт.,,
beta-tsiflutrin,Бета-цифлутрин,,
biksafen,Биксафен,,
bioaktivator,Биоактиватор,,
bispiribak-natriya,Биспирибак натрия,,
bifentrin,Бифентрин,,
bifentrina,Бифентрина,,
boskalid,Боскалид,,
brassinon,Брассинон,,
brodifakum,Бродифакум,,
bromadiolon,Бромадиолон,,
bromoksinil,Бромоксинил,,
buprofezin,Бупрофезин,,
vazelinovoe-maslo,Вазелиновое масло,,
validamitsinstreptomyces-hygroscopicussubsp-limoneus-vkpmas-,"Валидамицинstreptomyces hygroscopicussubsp, «limoneus» вкпмас-1966",,
virus-granuleza-yablonnoy-plodozhorki,Вирус гранулеза яблонной плодожорки,,
virus-yadernogo-poliedroza-hlopkovoy-sovki,Вирус ядерного полиэдроза хлопковой совки,,
vodorastvorimye-veschestva-poluchaemye-pri-perolize-drevesin,"Водорастворимые вещества, получаемые при перолизе древесины",,
g-kg-klotianidin,Г/кг клотианидин,,
g-kg-nikosulfuron,Г/кг никосульфурон,,
g-kg-rimsulfuron,Г/кг римсульфурон,,
g-kg-tribenuron-metil,Г/кг трибенурон-метил,,
g-kg-florasulama,Г/кг флорасулама,,
g-l-antidot-klokvintoset-meksil,Г/л антидот -клоквинтосет-мексил,,
g-l-boskalid,Г/л боскалид,,
g-l-desmedifama,Г/л десмедифама,,
g-l-imazamoks-sinokem-agro-ko-ltd,"Г/л имазамокс) синокем агро ко., лтд",,
g-l-karbendazim,Г/л карбендазим,,
g-l-lyambda-tsigalotrin,Г/л лямбда-цигалотрин,,
g-l-pinoksaden,Г/л пиноксаден,,
g-l-piraklostrobin,Г/л пираклостробин,,
g-l-propikonazol,Г/л пропиконазол,,
g-l-protiokonazol,Г/л протиоконазол,,
g-l-tebukonazol,Г/л тебуконазол,,
g-l-fenmedifama,Г/л фенмедифама,,
g-l-fenoksaprop-p-etil,Г/л феноксапроп-п-этил,,
g-l-fludioksanil,Г/л флудиоксанил,,
g-l-fludioksonil,Г/л флудиоксонил,,
g-l-hizalofop-p-etil,Г/л хизалофоп-п-этил,,
g-l-hlorantraniliprol,Г/л хлорантранилипрол,,
g-l-tsiprokonazol,Г/л ципроконазол,,
galoksifop-p-metil,Галоксифоп-п-метил,,
galoksifop-r-metil,Галоксифоп-р-метил,,
gamma-tsigalotrin,Гамма-цигалотрин,,
geksitiazoks,Гекситиазокс,,
gibberellinovaya-kislota-a3,Гиббереллиновая кислота а3,,
gibberellinovaya-kislota-a4,Гиббереллиновая кислота а4,,
gibberellinovye-kisloty-a4,Гиббереллиновые кислоты а4,,
gibberellinovye-kisloty-a4-a7,"Гиббереллиновые кислоты а4, а7",,
gibberellinovyh-kislot-natrievye-soli,Гиббереллиновых кислот натриевые соли,,
gidroksikorichnaya-kislota,Гидроксикоричная кислота,,
gimeksazol,Гимексазол,,
glifosat,Глифосат,,
glutaminovaya-kislota-2,Глутаминовая кислота,,
glyufosinat-ammoniy,Глюфосинат аммоний,,
gribov-trichoderma-veride-shtamm-471,"Грибов trichoderma veride, штамм 471",,
guminovye-kisloty,Гуминовые кислоты,,
guminovye-kisloty-natrievyh-soley,Гуминовые кислоты натриевых солей,,
guminovyh-kislot-kalievye-soli,Гуминовых кислот калиевые соли,,
daminozid,Даминозид,,
deltametrin,Дельтаметрин,,
desmedifam,Десмедифам,,
desmedifam-chzhangsu-gud-harvest-veyn-agrokemikal-ko-ltd,"Десмедифам) чжангсу гуд харвест вейн агрокемикал ко., лтд.",,
desmedifama,Десмедифама,,
diazinon,Диазинон,,
digidrokvertsetin,Дигидрокверцетин,,
dikamba,Дикамба,,
dikvat,Дикват,,
dikvat-dibromida,Дикват дибромида,,
dikvata-dibromida,Диквата дибромида,,
diklosulam,Диклосулам,,
dimetenamid-r,Диметенамид-р,,
dimetoat,Диметоат,,
dimetomorf,Диметоморф,,
dimoksistrobin,Димоксистробин,,
dinitril-schavelevoy-kisloty,Динитрил щавелевой кислоты,,
dioksid-kremniya,Диоксид кремния,,
diterpenovye-spirty-i-uglevodorody,Дитерпеновые спирты и углеводороды,,
ditianon,Дитианон,,
difenokonazol,Дифеноконазол,,
difenonokonazol,Дифеноноконазол,,
diflovidazin,Дифловидазин,,
diflubenzuron,Дифлубензурон,,
diflufenzopir,Дифлуфензопир,,
diflyufenikan,Дифлюфеникан,,
dodin,Додин,,
doliholid,Долихолид,,
e-e-8-10-dodekadien-1-ol,"Е,е-8,10-додекадиен-1-ол",,
e-8-dodetsenil-atsetat,Е-8-додеценил ацетат,,
zeta-tsipermetrin,Зета-циперметрин,,
zoksamid,Зоксамид,,
izoksadifen-etil,Изоксадифен-этил,,
izoksadifen-etila,Изоксадифен-этила,,
izoksaflyutol,Изоксафлютол,,
izolyata-mg-l-pepino-mosaic-virus-shtamm-vc1,Изолята мг/л pepino mosaic virus штамм vc1,,
izolyata-mg-l-pepino-mosaic-virus-shtamm-vx1,Изолята мг/л pepino mosaic virus штамм vx1,,
izopirazam,Изопиразам,,
izoprotiolan,Изопротиолан,,
izoproturon,Изопротурон,,
imazalil,Имазалил,,
imazamoks,Имазамокс,,
imazapir,Имазапир,,
imazetapir,Имазетапир,,
imidakloprid,Имидаклоприд,,
indoksakarb,Индоксакарб,,
ipkonazol,Ипконазол,,
iprodion,Ипродион,,
ipflufenokvin,Ипфлуфеноквин,,
yod,Йод,,
yodosulfuron-metil-natriy,Йодосульфурон-метил-натрий,,
yodosulfuron-metil-natriya,Йодосульфурон-метил-натрия,,
yodosulfuronmetil-natriya,Йодосульфуронметил-натрия,,
kaliy-azotnokislyy,Калий азотнокислый,,
kaliy-fosfornokislyy,Калий фосфорнокислый,,
kaliy-fosfornokislyy-dvuzameschennyy,Калий фосфорнокислый двузамещенный,,
kaltsiya-gidroksid,Кальция гидроксид,,
kaptan,Каптан,,
karbamid,Карбамид,,
karbendazim,Карбендазим,,
karboksin,Карбоксин,,
karbofuran,Карбофуран,,
karfentrazon-etil,Карфентразон-этил,,
kasugamitsin,Касугамицин,,
kvizalofop-p-tefuril,Квизалофоп-п-тефурил,,
kvinmerak,Квинмерак,,
kislota-bornaya,Кислота борная,,
kisloty-galoksifop-p-metila,Кислоты галоксифоп-п-метила,,
kletodim,Клетодим,,
klodinafop-propargil,Клодинафоп-пропаргил,,
klokvintoset-meksil,Клоквинтосет-мексил,,
klokvintoset-meksila,Клоквинтосет-мексила,,
klomazon,Кломазон,,
klopiralid,Клопиралид,,
klotianidin,Клотианидин,,
klofentezin,Клофентезин,,
kodlemon,Кодлемон,,
kolloidnoe-serebro,Коллоидное серебро,,
kompleks-polioksinov,Комплекс полиоксинов,,
krezoksim-metil,Крезоксим-метил,,
lenatsil,Ленацил,,
limonen,Лимонен,,
lipo-hitooligosaharidy,Липо-хитоолигосахариды,,
lyufenuron,Люфенурон,,
lyambda-tsigalotrin,Лямбда-цигалотрин,,
mtspa,МЦПА,,
magniy-azotnokislyy,Магний азотнокислый,,
magniy-sernokislyy,Магний сернокислый,,
magniya-fosfid,Магния фосфид,,
makrolidnyytilozinovyy-kompleks,Макролидныйтилозиновый комплекс,,
malation,Малатион,,
maleinovyy-gidrazid,Малеиновый гидразид,,
maltodekstrin,Мальтодекстрин,,
mandipropamid,Мандипропамид,,
mankotseb,Манкоцеб,,
maslo-nima,Масло нима,,
maslo-chaynogo-dereva,Масло чайного дерева,,
matrin,Матрин,,
medi-gidroksid,Меди гидроксид,,
medi-gidrookis,Меди гидроокись,,
medi-oksihlorid,Меди оксихлорид,,
medi-sulfat,Меди сульфат,,
medi-hlorokis,Меди хлорокись,,
med-oksihlorid,Медь оксихлорид,,
mezosulfuron-metil,Мезосульфурон-метил,,
mezotrion,Мезотрион,,
melaminovaya-sol-bis-fosfinovoy-kisloty,Меламиновая соль бис фосфиновой кислоты,,
mepikvat-hlorid,Мепикват-хлорид,,
metazahlor,Метазахлор,,
metalaksil,Металаксил,,
metaldegid,Метальдегид,,
metamitron,Метамитрон,,
metamitron-chzhangsu-gud-harvest-veyn-agrokemikal-ko-ltd,"Метамитрон) чжангсу гуд харвест вейн агрокемикал ко., лтд.",,
metamifop,Метамифоп,,
metilbromid,Метилбромид,,
metiram,Метирам,,
metkonazol,Метконазол,,
metomil,Метомил,,
metrafenon,Метрафенон,,
metribuzin,Метрибузин,,
metsulfuron-metil,Метсульфурон-метил,,
mefenoksam,Мефеноксам,,
mefenoksama,Мефеноксама,,
mefenpir-dietil,Мефенпир-диэтил,,
mefenpir-dietila,Мефенпир-диэтила,,
mefentriflukonazol,Мефентрифлуконазол,,
monokaliyfosfat,Монокалийфосфат,,
n-tetradetsil-atsetat,Н-тетрадецил ацетат,,
napropamid,Напропамид,,
natrievaya-sol-bis-fosfinovoy-kisloty,Натриевая соль бис фосфиновой кислоты,,
natrievaya-sol-gibberellinovaya-kislota,Натриевая соль гиббереллиновая кислота,,
nikosulfuron,Никосульфурон,,
nikotin,Никотин,,
novaluron,Новалурон,,
oksadiksil,Оксадиксил,,
oksamil,Оксамил,,
oksatiapiprolin,Оксатиапипролин,,
oksifluorfen,Оксифлуорфен,,
ortokrezoksiuksusnoy-kisloty,Ортокрезоксиуксусной кислоты,,
ortokrezoksiuksusnoy-kisloty-trietanolammonievaya-sol,Ортокрезоксиуксусной кислоты триэтаноламмониевая соль,,
paklobutrazol,Паклобутразол,,
paraoksibenzoynye-kisloty,Параоксибензойные кислоты,,
pelargonovaya-kislota,Пеларгоновая кислота,,
pendimetalin,Пендиметалин,,
penkonazol,Пенконазол,,
penoksulam,Пеноксулам,,
pentiopirad,Пентиопирад,,
penflufen,Пенфлуфен,,
pentsikuron,Пенцикурон,,
permetrin,Перметрин,,
pidiflumetofen,Пидифлуметофен,,
pikloram,Пиклорам,,
pikoksistrobin,Пикоксистробин,,
pimetrozin,Пиметрозин,,
pinoksaden,Пиноксаден,,
pirazosulfuron-etil,Пиразосульфурон-этил,,
piraklostrobin,Пираклостробин,,
piraklostrobina,Пираклостробина,,
piraflufen-etil,Пирафлуфен-этил,,
piretriny-naturalnye-maslyanyy-ekstrakt,Пиретрины натуральные масляный экстракт,,
piridaben,Пиридабен,,
piridat,Пиридат,,
pirimetanil,Пириметанил,,
pirimifos-metil,Пиримифос-метил,,
piriproksifen,Пирипроксифен,,
piroksasulfon,Пироксасульфон,,
piroksulam,Пироксулам,,
poli-beta-gidroksimaslyanaya-kislota,Поли-бета-гидроксимасляная кислота,,
poligeksametilenbiguanid-gidrohlorid,Полигексаметиленбигуанид гидрохлорид,,
polidiallildimetilammoniy-hlorid,Полидиаллилдиметиламмоний хлорид,,
polidimetildiallilammoniya-hlorid,Полидиметилдиаллиламмония хлорид,,
polietilenglikol-1500,Полиэтиленгликоль-1500,,
polietilenglikol-400,Полиэтиленгликоль-400,,
polietilenoksidy,Полиэтиленоксиды,,
proantotsianidiny,Проантоцианидины,,
progeksadion-kaltsiya,Прогексадион кальция,,
prokvinazid,Проквиназид,,
prometrin,Прометрин,,
propakvizafop,Пропаквизафоп,,
propamokarb,Пропамокарб,,
propamokarb-gidrohlorid,Пропамокарб гидрохлорид,,
propamokarb-gidrohlorid-2,Пропамокарб-гидрохлорид,,
propargit,Пропаргит,,
propizohlor,Пропизохлор,,
propikonazol,Пропиконазол,,
propikonazola,Пропиконазола,,
propineb,Пропинеб,,
prosulfokarb,Просульфокарб,,
prosulfuron,Просульфурон,,
protiokonazala,Протиоконазала,,
protiokonazol,Протиоконазол,,
prohloraz,Прохлораз,,
rimsulfuron,Римсульфурон,,
s-metolahlor,С-метолахлор,,
s-metolahlor-chzhangsu-gud-harvest-veyn-agrokemikal-ko-ltd,"С-метолахлор) чжангсу гуд харвест вейн агрокемикал ко., лтд.",,
s-metolahlora,С-метолахлора,,
sedaksan,Седаксан,,
sedaksana,Седаксана,,
sera,Сера,,
spinosad,Спиносад,,
spirodiklofen,Спиродиклофен,,
spiroksamin,Спироксамин,,
spiromezifen,Спиромезифен,,
spirotetramat,Спиротетрамат,,
sulfometuron-metil,Сульфометурон-метил,,
sulfometuron-metila-kislota,Сульфометурон-метила кислота,,
tau-flyuvalinat,Тау-флювалинат,,
tebukonazol,Тебуконазол,,
tebukonazola,Тебуконазола,,
tebufenpirad,Тебуфенпирад,,
tembotrion,Темботрион,,
terbutilazin,Тербутилазин,,
tetrakonazol,Тетраконазол,,
teflutrin,Тефлутрин,,
tiabendazol,Тиабендазол,,
tiakloprid,Тиаклоприд,,
tiametoksam,Тиаметоксам,,
tiamin,Тиамин,,
tienkarbazon-metil,Тиенкарбазон-метил,,
tiofanat-metil,Тиофанат - метил,,
tiofanat-metil-2,Тиофанат -метил,,
tiram,Тирам,,
tifensulfuron-metil,Тифенсульфурон-метил,,
topramezon,Топрамезон,,
triadimenol,Триадименол,,
triadimefon,Триадимефон,,
triasulfuron,Триасульфурон,,
tribenuron-metil,Трибенурон-метил,,
trineksapak-etil,Тринексапак-этил,,
triterpenovye-kisloty,Тритерпеновые кислоты,,
tritikonazol,Тритиконазол,,
trifloksistrobin,Трифлоксистробин,,
triflusulfuron-metil,Трифлусульфурон-метил,,
trietanolammonievaya-sol-ortokrezoksiuksusnoy-kisloty,Триэтаноламмониевая соль ортокрезоксиуксусной кислоты,,
famoksadon,Фамоксадон,,
fenazahin,Феназахин,,
fenamidon,Фенамидон,,
fengeksamid,Фенгексамид,,
fenitrotion,Фенитротион,,
fenmedifam,Фенмедифам,,
fenmedifama,Фенмедифама,,
fenoksaprop-p-etil,Феноксапроп-п-этил,,
fenoksikarb,Феноксикарб,,
fenpiroksimat,Фенпироксимат,,
fenpropidin,Фенпропидин,,
fenpropimorf,Фенпропиморф,,
fipronil,Фипронил,,
fitobakteriomitsin,Фитобактериомицин,,
flavonoidy-eli,Флавоноиды ели,,
flonikamid,Флоникамид,,
florasulam,Флорасулам,,
florasulama,Флорасулама,,
florasulama-se,"Флорасулама), сэ",,
fluazinam,Флуазинам,,
fluazifop-p-butil,Флуазифоп-П-бутил,,
flubendiamid,Флубендиамид,,
fludioksanil,Флудиоксанил,,
fludioksonil,Флудиоксонил,,
fludioksonila,Флудиоксонила,,
flukarbazon,Флукарбазон,,
flukarbazon-natriya,Флукарбазон натрия,,
fluksapiroksad,Флуксапироксад,,
flumetsulam,Флуметсулам,,
flumioksazin,Флумиоксазин,,
fluoksastrobin,Флуоксастробин,,
fluopikolid,Флуопиколид,,
fluopiram,Флуопирам,,
fluroksipir,Флуроксипир,,
flurohloridona,Флурохлоридона,,
flurtamon,Флуртамон,,
flutriafol,Флутриафол,,
flutriafola,Флутриафола,,
flufenatset,Флуфенацет,,
fomesafen,Фомесафен,,
foramsulfuron,Форамсульфурон,,
fosmet,Фосмет,,
fosfit-natriya,Фосфит натрия,,
fosetil,Фосэтил,,
fulvokisloty,Фульвокислоты,,
helat-zheleza,Хелат железа,,
helat-margantsa,Хелат марганца,,
helat-medi,Хелат меди,,
helat-tsinka,Хелат цинка,,
hizalofop-p-etil,Хизалофоп-п-этил,,
hlorantraniliprol,Хлорантранилипрол,,
hloridazon,Хлоридазон,,
hlorimuron-etil,Хлоримурон-этил,,
hlormekvathlorid,Хлормекватхлорид,,
hlormetilsilatran,Хлорметилсилатран,,
hlorotalonil,Хлороталонил,,
hlorpirifos,Хлорпирифос,,
hlorprofam,Хлорпрофам,,
hlorsulfuron,Хлорсульфурон,,
hlorsulfurona,Хлорсульфурона,,
hlorfluazuron,Хлорфлуазурон,,
tsiazofamid,Циазофамид,,
tsiantraniliprol,Циантранилипрол,,
tsigalofop-butil,Цигалофоп-бутил,,
tsikloksidim,Циклоксидим,,
tsimoksanil,Цимоксанил,,
tsimoksanila,Цимоксанила,,
tsineb,Цинеб,,
tsipermetrin,Циперметрин,,
tsiprodinil,Ципродинил,,
tsiprokonazol,Ципроконазол,,
tsiprosulfamid,Ципросульфамид,,
tsiflufenamid,Цифлуфенамид,,
shtamm-arthrobotrys-oligospora-f-1303,Штамм arthrobotrys oligospora f-1303,,
ekstrakt-naturalnyh-piretrinov,Экстракт натуральных пиретринов,,
emamektin-benzoat,Эмамектин бензоат,,
emodin,Эмодин,,
epoksikonazol,Эпоксиконазол,,
esfenvalerat,Эсфенвалерат,,
etametsulfuron-metil,Этаметсульфурон-метил,,
etefon,Этефон,,
etilovyy-efir-arahidonovoy-kisloty,Этиловый эфир арахидоновой кислоты,,
etofumezat,Этофумезат,,
efirnogo-masla-gvozdiki,Эфирного масла гвоздики,,
efirnye-masla-timyana-i-perechnoy-myaty,Эфирные масла тимьяна и перечной мяты,,
yantarnaya-kislota,Янтарная кислота,,
